Workbook

Sheet Clientes
A1: id_cliente | B1: tipo | C1: cpf_cnpj | D1: nome_fantasia | E1: bairro | F1: municipio | G1: segmento | H1: porte
A2: C001 | B2: CNPJ | C2: 12.345.678/0001-90 | D2: Construcenter Boa Viagem | E2: Boa Viagem | F2: Recife | G2: Material de construção | H2: Grande
A3: C002 | B3: CNPJ | C3: 23.456.789/0001-01 | D3: Depósito Jaboatão Center | E3: Prazeres | F3: Jaboatão dos Guararapes | G3: Material de construção | H3: Médio
A4: C003 | B4: CNPJ | C4: 34.567.890/0001-12 | D4: Tintas & Cia Olinda | E4: Peixinhos | F4: Olinda | G4: Lojas de tinta | H4: Médio
A5: C004 | B5: CPF | C5: 123.456.789-00 | D5: João da Silva Reformas | E5: Casa Amarela | F5: Recife | G5: Aplicador autônomo | H5: Micro
A6: C005 | B6: CNPJ | C6: 45.678.901/0001-23 | D6: ObraFácil Paulista | E6: Maranguape I | F6: Paulista | G6: Material de construção | H6: Médio
A7: C006 | B7: CNPJ | C7: 56.789.012/0001-34 | D7: Auto Pinturas Cabo | E7: Centro | F7: Cabo de Santo Agostinho | G7: Oficina automotiva | H7: Pequeno
A8: C007 | B8: CPF | C8: 234.567.890-11 | D8: Maria Souza Pinturas | E8: Ibura | F8: Recife | G8: Aplicador autônomo | H8: Micro
A9: C008 | B9: CNPJ | C9: 67.890.123/0001-45 | D9: Hiper Construção Imbiribeira | E9: Imbiribeira | F9: Recife | G9: Home center | H9: Grande
A10: C009 | B10: CNPJ | C10: 78.901.234/0001-56 | D10: Atacado Construir Camaragibe | E10: Timbi | F10: Camaragibe | G10: Atacado construção | H10: Médio
A11: C010 | B11: CNPJ | C11: 89.012.345/0001-67 | D11: Tintas Express Igarassu | E11: Centro | F11: Igarassu | G11: Lojas de tinta | H11: Pequeno

Sheet Fornecedores
A1: id_fornecedor | B1: cnpj | C1: razao_social | D1: estado | E1: linha_produto
A2: F001 | B2: 11.111.111/0001-11 | C2: Tintas Nordeste S.A. | D2: PE | E2: Tintas imobiliárias base água
A3: F002 | B3: 22.222.222/0001-22 | C3: Cores do Brasil Indústria de Tintas Ltda. | D3: SP | E3: Tintas imobiliárias premium
A4: F003 | B4: 33.333.333/0001-33 | C4: AutoColor Revestimentos Automotivos S.A. | D4: RJ | E4: Tintas automotivas
A5: F004 | B5: 44.444.444/0001-44 | C5: Quimicor Pigmentos e Solventes Ltda. | D5: BA | E5: Solv. e complementos
A6: F005 | B6: 55.555.555/0001-55 | C6: EcoTintas do Nordeste Ltda. | D6: PE | E6: Tintas ecológicas e baixo VOC

Sheet Produtos
A1: id_produto | B1: id_fornecedor | C1: descricao | D1: categoria | E1: linha | F1: unidade | G1: validade_meses | H1: preco_unitario
A2: P001 | B2: F001 | C2: Tinta acrílica branca 18L | D2: Tinta imobiliária | E2: Econômica | F2: Galão 18L | G2: 36 | H2: 150
A3: P002 | B3: F001 | C3: Tinta acrílica cor palha 18L | D3: Tinta imobiliária | E3: Econômica | F3: Galão 18L | G3: 36 | H3: 155
A4: P003 | B4: F002 | C4: Tinta premium branca 18L | D4: Tinta imobiliária | E4: Premium | F4: Galão 18L | G4: 48 | H4: 320
A5: P004 | B5: F002 | C5: Massa corrida 25kg | D5: Complemento | E5: Massa/Preparação | F5: Saco 25kg | G5: 24 | H5: 135
A6: P005 | B6: F003 | C6: Tinta automotiva poliéster preto 900ml | D6: Tinta automotiva | E6: Automotiva | F6: Lata 900ml | G6: 24 | H6: 110
A7: P006 | B7: F003 | C7: Verniz automotivo alto sólido 900ml | D7: Verniz | E7: Automotiva | F7: Lata 900ml | G7: 24 | H7: 135
A8: P007 | B8: F005 | C8: Tinta ecológica branca 18L | D8: Tinta imobiliária | E8: Ecológica | F8: Galão 18L | G8: 30 | H8: 190
A9: P008 | B9: F001 | C9: Esmalte sintético branco 3,6L | D9: Esmalte | E9: Imobiliária | F9: Lata 3,6L | G9: 30 | H9: 100
A10: P009 | B10: F004 | C10: Thinner padrão 5L | D10: Solução/Solvente | E10: Solv./Thinner | F10: Galão 5L | G10: 18 | H10: 70
A11: P010 | B11: F002 | C11: Tinta premium fosca branca 3,6L | D11: Tinta imobiliária | E11: Premium | F11: Lata 3,6L | G11: 48 | H11: 115

Sheet Estoque_CD
A1: id_estoque | B1: id_produto | C1: lote | D1: data_fabricacao | E1: data_validade | F1: quantidade | G1: localizacao_cd | H1: preco_unitario | I1: vencimento
A2: E001 | B2: P001 | C2: L2301 | D2: 44941 | E2: 46037 | F2: 320 | G2: RUA-A1-NÍVEL-01 | H2: =VLOOKUP(B2,Produtos!$A$1:$H$11,8,0) -> 150 | I2: =IF(E2<=TODAY(),"Vencido",IF(E2<=TODAY()+30,"Muito Próximo de Vencer",IF(E2<=TODAY()+90,"Próximo de Vencer",IF(E2<=TODAY()+365,"Normal","Novo")))) -> Vencido
A3: E002 | B3: P001 | C3: L2307 | D3: 45117 | E3: 46213 | F3: 150 | G3: RUA-A1-NÍVEL-03 | H3: =VLOOKUP(B3,Produtos!$A$1:$H$11,8,0) -> 150 | I3: =IF(E3<=TODAY(),"Vencido",IF(E3<=TODAY()+30,"Muito Próximo de Vencer",IF(E3<=TODAY()+90,"Próximo de Vencer",IF(E3<=TODAY()+365,"Normal","Novo")))) -> Normal
A4: E003 | B4: P002 | C4: L2303 | D4: 45005 | E4: 46101 | F4: 210 | G4: RUA-A2-NÍVEL-02 | H4: =VLOOKUP(B4,Produtos!$A$1:$H$11,8,0) -> 155 | I4: =IF(E4<=TODAY(),"Vencido",IF(E4<=TODAY()+30,"Muito Próximo de Vencer",IF(E4<=TODAY()+90,"Próximo de Vencer",IF(E4<=TODAY()+365,"Normal","Novo")))) -> Próximo de Vencer
A5: E004 | B5: P003 | C5: L2402 | D5: 45327 | E5: 46788 | F5: 80 | G5: RUA-B1-NÍVEL-01 | H5: =VLOOKUP(B5,Produtos!$A$1:$H$11,8,0) -> 320 | I5: =IF(E5<=TODAY(),"Vencido",IF(E5<=TODAY()+30,"Muito Próximo de Vencer",IF(E5<=TODAY()+90,"Próximo de Vencer",IF(E5<=TODAY()+365,"Normal","Novo")))) -> Novo
A6: E005 | B6: P003 | C6: L2406 | D6: 45461 | E6: 46922 | F6: 40 | G6: RUA-B1-NÍVEL-02 | H6: =VLOOKUP(B6,Produtos!$A$1:$H$11,8,0) -> 320 | I6: =IF(E6<=TODAY(),"Vencido",IF(E6<=TODAY()+30,"Muito Próximo de Vencer",IF(E6<=TODAY()+90,"Próximo de Vencer",IF(E6<=TODAY()+365,"Normal","Novo")))) -> Novo
A7: E006 | B7: P004 | C7: L2309 | D7: 45181 | E7: 45912 | F7: 50 | G7: RUA-C1-NÍVEL-01 | H7: =VLOOKUP(B7,Produtos!$A$1:$H$11,8,0) -> 135 | I7: =IF(E7<=TODAY(),"Vencido",IF(E7<=TODAY()+30,"Muito Próximo de Vencer",IF(E7<=TODAY()+90,"Próximo de Vencer",IF(E7<=TODAY()+365,"Normal","Novo")))) -> Vencido
A8: E007 | B8: P005 | C8: L2401 | D8: 45313 | E8: 46044 | F8: 60 | G8: RUA-D1-NÍVEL-01 | H8: =VLOOKUP(B8,Produtos!$A$1:$H$11,8,0) -> 110 | I8: =IF(E8<=TODAY(),"Vencido",IF(E8<=TODAY()+30,"Muito Próximo de Vencer",IF(E8<=TODAY()+90,"Próximo de Vencer",IF(E8<=TODAY()+365,"Normal","Novo")))) -> Vencido
A9: E008 | B9: P006 | C9: L2401 | D9: 45316 | E9: 46047 | F9: 45 | G9: RUA-D2-NÍVEL-01 | H9: =VLOOKUP(B9,Produtos!$A$1:$H$11,8,0) -> 135 | I9: =IF(E9<=TODAY(),"Vencido",IF(E9<=TODAY()+30,"Muito Próximo de Vencer",IF(E9<=TODAY()+90,"Próximo de Vencer",IF(E9<=TODAY()+365,"Normal","Novo")))) -> Vencido
A10: E009 | B10: P007 | C10: L2308 | D10: 45168 | E10: 46264 | F10: 110 | G10: RUA-E1-NÍVEL-01 | H10: =VLOOKUP(B10,Produtos!$A$1:$H$11,8,0) -> 190 | I10: =IF(E10<=TODAY(),"Vencido",IF(E10<=TODAY()+30,"Muito Próximo de Vencer",IF(E10<=TODAY()+90,"Próximo de Vencer",IF(E10<=TODAY()+365,"Normal","Novo")))) -> Normal
A11: E010 | B11: P008 | C11: L2305 | D11: 45056 | E11: 46152 | F11: 200 | G11: RUA-A3-NÍVEL-02 | H11: =VLOOKUP(B11,Produtos!$A$1:$H$11,8,0) -> 100 | I11: =IF(E11<=TODAY(),"Vencido",IF(E11<=TODAY()+30,"Muito Próximo de Vencer",IF(E11<=TODAY()+90,"Próximo de Vencer",IF(E11<=TODAY()+365,"Normal","Novo")))) -> Próximo de Vencer
A12: E011 | B12: P009 | C12: L2304 | D12: 45018 | E12: 45932 | F12: 90 | G12: RUA-F1-NÍVEL-01 | H12: =VLOOKUP(B12,Produtos!$A$1:$H$11,8,0) -> 70 | I12: =IF(E12<=TODAY(),"Vencido",IF(E12<=TODAY()+30,"Muito Próximo de Vencer",IF(E12<=TODAY()+90,"Próximo de Vencer",IF(E12<=TODAY()+365,"Normal","Novo")))) -> Vencido
A13: E012 | B13: P010 | C13: L2403 | D13: 45366 | E13: 46827 | F13: 70 | G13: RUA-B2-NÍVEL-01 | H13: =VLOOKUP(B13,Produtos!$A$1:$H$11,8,0) -> 115 | I13: =IF(E13<=TODAY(),"Vencido",IF(E13<=TODAY()+30,"Muito Próximo de Vencer",IF(E13<=TODAY()+90,"Próximo de Vencer",IF(E13<=TODAY()+365,"Normal","Novo")))) -> Novo

Sheet Vendas
A1: id_venda | B1: data | C1: id_cliente | D1: id_produto | E1: quantidade | F1: preco_unitario | G1: canal | H1: prazo_pagamento_dias | I1: faturamento
A2: V001 | B2: 45698 | C2: C001 | D2: P003 | E2: 40 | F2: 420 | G2: Representante | H2: 28 | I2: =E2*F2 -> 16800
A3: V002 | B3: 45699 | C3: C002 | D3: P001 | E3: 30 | F3: 210 | G3: Telefone | H3: 21 | I3: =E3*F3 -> 6300
A4: V003 | B4: 45721 | C4: C008 | D4: P003 | E4: 60 | F4: 410 | G4: E-commerce | H4: 30 | I4: =E4*F4 -> 24600
A5: V004 | B5: 45724 | C5: C003 | D5: P001 | E5: 15 | F5: 215 | G5: Representante | H5: 28 | I5: =E5*F5 -> 3225
A6: V005 | B6: 45731 | C6: C004 | D6: P001 | E6: 4 | F6: 230 | G6: Loja física | H6: 0 | I6: =E6*F6 -> 920
A7: V006 | B7: 45749 | C7: C008 | D7: P001 | E7: 70 | F7: 205 | G7: E-commerce | H7: 30 | I7: =E7*F7 -> 14350
A8: V007 | B8: 45759 | C8: C005 | D8: P002 | E8: 20 | F8: 225 | G8: Representante | H8: 28 | I8: =E8*F8 -> 4500
A9: V008 | B9: 45765 | C9: C006 | D9: P005 | E9: 10 | F9: 155 | G9: Representante | H9: 21 | I9: =E9*F9 -> 1550
A10: V009 | B10: 45780 | C10: C001 | D10: P004 | E10: 30 | F10: 95 | G10: Representante | H10: 28 | I10: =E10*F10 -> 2850
A11: V010 | B11: 45787 | C11: C007 | D11: P001 | E11: 5 | F11: 230 | G11: Loja física | H11: 0 | I11: =E11*F11 -> 1150
A12: V011 | B12: 45799 | C12: C008 | D12: P003 | E12: 50 | F12: 415 | G12: E-commerce | H12: 30 | I12: =E12*F12 -> 20750
A13: V012 | B13: 45809 | C13: C009 | D13: P001 | E13: 25 | F13: 210 | G13: Representante | H13: 28 | I13: =E13*F13 -> 5250
... A32: V031 | B32: 46065 | C32: C009 | D32: P001 | E32: 10 | F32: 212 | G32: Representante | H32: 28 | I32: =E32*F32 -> 2120

Sheet Pedidos_Compra
A1: id_pedido_compra | B1: data | C1: id_fornecedor | D1: id_produto | E1: quantidade | F1: preco_unitario | G1: status | H1: previsao_entrega | I1: total
A2: PC001 | B2: 45677 | C2: F001 | D2: P001 | E2: 500 | F2: 150 | G2: Entregue | H2: 2025-02-05 | I2: =E2*F2 -> 75000
A3: PC002 | B3: 45703 | C3: F002 | D3: P003 | E3: 150 | F3: 320 | G3: Entregue | H3: 2025-03-05 | I3: =E3*F3 -> 48000
A4: PC003 | B4: 45726 | C4: F003 | D4: P005 | E4: 100 | F4: 110 | G4: Entregue | H4: 2025-03-25 | I4: =E4*F4 -> 11000
A5: PC004 | B5: 45726 | C5: F003 | D5: P006 | E5: 80 | F5: 135 | G5: Entregue | H5: 2025-03-25 | I5: =E5*F5 -> 10800
A6: PC005 | B6: 45752 | C6: F001 | D6: P002 | E6: 300 | F6: 155 | G6: Entregue | H6: 2025-04-20 | I6: =E6*F6 -> 46500
A7: PC006 | B7: 45789 | C7: F004 | D7: P009 | E7: 120 | F7: 70 | G7: Entregue | H7: 2025-05-30 | I7: =E7*F7 -> 8400
A8: PC007 | B8: 45809 | C8: F005 | D8: P007 | E8: 150 | F8: 190 | G8: Entregue | H8: 2025-06-18 | I8: =E8*F8 -> 28500
A9: PC008 | B9: 45884 | C9: F001 | D9: P001 | E9: 400 | F9: 152 | G9: Em trânsito | H9: 2025-09-02 | I9: =E9*F9 -> 60800
A10: PC009 | B10: 45920 | C10: F002 | D10: P010 | E10: 100 | F10: 115 | G10: Entregue | H10: 2025-10-05 | I10: =E10*F10 -> 11500
A11: PC010 | B11: 45955 | C11: F001 | D11: P008 | E11: 200 | F11: 100 | G11: Entregue | H11: 2025-11-10 | I11: =E11*F11 -> 20000

Sheet Devolucoes
A1: id_devolucao | B1: data | C1: id_cliente | D1: id_produto | E1: motivo | F1: quantidade | G1: forma_destinacao
A2: D001 | B2: 45767 | C2: C003 | D2: P001 | E2: Validade próxima | F2: 12 | G2: Retorno ao CD para descarte
A3: D002 | B3: 45818 | C3: C002 | D3: P008 | E3: Lata amassada | F3: 8 | G3: Reaproveitamento interno
A4: D003 | B4: 45856 | C4: C006 | D4: P005 | E4: Sobra de mistura | F4: 5 | G4: Coleta especializada
A5: D004 | B5: 45922 | C5: C001 | D5: P001 | E5: Produto encalhado | F5: 20 | G5: Campanha promocional
A6: D005 | B6: 45960 | C6: C008 | D6: P001 | E6: Validade próxima | F6: 30 | G6: Parceria Ponto de Entrega Voluntária
